Solution ID,Screener 1,Screener 2
83354,Pooja,Rebecca
83385,Pooja,Rebecca
84152,Pooja,Rebecca
84162,Pooja,Rebecca
84251,Pooja,Rebecca
84494,Pooja,Rebecca
84888,Pooja,Rebecca
85314,Pooja,Rebecca
85529,Pooja,Tessa
85621,Pooja,Tessa
85878,Pooja,Tessa
86838,Pooja,Tessa
86977,Pooja,Tessa
87324,Pooja,Tessa
87379,Pooja,Tessa
87516,Pooja,Tessa
87667,Pooja,Samuel
87825,Pooja,Samuel
87908,Pooja,Samuel
87959,Pooja,Samuel
88187,Pooja,Samuel
88742,Pooja,Samuel
88773,Pooja,Samuel
89735,Pooja,Samuel
89753,Rebecca,Tessa
89908,Rebecca,Tessa
89968,Rebecca,Tessa
90290,Rebecca,Tessa
90511,Rebecca,Tessa
90561,Rebecca,Tessa
90668,Rebecca,Tessa
90942,Rebecca,Tessa
90944,Rebecca,Samuel
90981,Rebecca,Samuel
91039,Rebecca,Samuel
91099,Rebecca,Samuel
91182,Rebecca,Samuel
91301,Rebecca,Samuel
91611,Rebecca,Samuel
91812,Rebecca,Samuel
92076,Tessa,Samuel
92119,Tessa,Samuel
92299,Tessa,Samuel
92371,Tessa,Samuel
92451,Tessa,Samuel
92550,Tessa,Samuel
92577,Tessa,Samuel
92726,Tessa,Samuel
